"0","calcularHebraInversa <- function(secuencia){"
"0","  "
"0","  return(stri_reverse(secuencia))"
"0","}"
"0",""
"0","hebraInversa <- calcularHebraInversa(secuenciaAleatoria)"
"0","cat(""Secuencia aleatoria: "", secuenciaAleatoria, ""\n"")"
"1","Secuencia aleatoria: "
"1"," "
"1","CACATCTTTCCCTACCTGACACGTCTAAGG"
"1"," "
"1","
"
"0","cat(""Hebra inversa: "", hebraInversa)"
"1","Hebra inversa: "
"1"," "
"1","GGAATCTGCACAGTCCATCCCTTTCTACAC"
"0","complementaria <- chartr(""ATCG"", ""TAGC"", secuencia)"
"2","Error in chartr(""ATCG"", ""TAGC"", secuencia) : object 'secuencia' not found
"
